size,mode,rep,total_ns_per_key,banding_ns_per_key,fp_rate,cache_miss_per_key
1000000,stock,1,55.1341,43.10,0.951186,0.4029
1000000,stock,2,56.687,42.09,0.951186,0.4775
1000000,stock,3,55.7823,42.94,0.951186,0.6009
1000000,pleated,1,55.1666,36.27,0.951186,0.5037
1000000,pleated,2,52.9971,37.09,0.951186,0.5194
1000000,pleated,3,55.0708,37.02,0.951186,0.4502
3000000,stock,1,78.0528,62.95,0.95456,6.2104
3000000,stock,2,78.7938,64.88,0.95456,5.0800
3000000,stock,3,79.6006,65.02,0.95456,5.0144
3000000,pleated,1,55.3037,35.69,0.95456,0.4579
3000000,pleated,2,54.9646,35.94,0.95456,0.4482
3000000,pleated,3,55.0905,36.22,0.95456,0.4610
10000000,stock,1,89.8443,72.41,0.9561,5.9034
10000000,stock,2,88.3168,72.19,0.9561,5.8345
10000000,stock,3,87.8691,72.79,0.9561,5.8493
10000000,pleated,1,54.8518,34.09,0.9561,0.4399
10000000,pleated,2,53.7978,34.13,0.9561,0.4519
10000000,pleated,3,55.5054,34.11,0.9561,0.4386
30000000,stock,1,92.4178,75.95,0.950871,10.8251
30000000,stock,2,91.636,75.60,0.950871,10.9098
30000000,stock,3,91.4628,74.73,0.950871,10.7694
30000000,pleated,1,56.0637,33.89,0.950871,0.4595
30000000,pleated,2,55.0316,33.55,0.950871,0.4614
30000000,pleated,3,55.2816,32.68,0.950871,0.4668
100000000,stock,1,95.6678,78.68,0.953013,11.3622
100000000,stock,2,97.2653,80.42,0.953013,11.6140
100000000,stock,3,99.3726,80.75,0.953013,11.5235
100000000,pleated,1,54.7758,31.81,0.953013,0.4657
100000000,pleated,2,55.0557,32.16,0.953013,0.4644
100000000,pleated,3,54.7021,31.32,0.953013,0.4667
100000,stock,1,52.8437,40.50,0.948596,NA
100000,stock,2,53.4639,41.98,0.948596,NA
100000,stock,3,66.5155,48.87,0.948596,NA
100000,pleated,1,58.409,41.43,0.948596,NA
100000,pleated,2,60.7026,56.38,0.948596,NA
100000,pleated,3,59.0426,39.40,0.948596,NA
