size,arm,rep,build_ns_per_key,n_filters,total_size_mb,bits_per_key,fp_rate_pct
100000,bloom,1,15.864,396.0,47.6988,10.0032,0.967055
100000,stock,1,79.1215,396.0,33.499,7.02525,0.948596
100000,pleated,1,82.7781,396.0,33.499,7.02525,0.948596
1000000,bloom,1,19.9682,40.0,47.6851,10.0003,0.96639
1000000,stock,1,93.4586,40.0,33.8779,7.10472,0.951186
1000000,pleated,1,84.6375,40.0,33.8779,7.10472,0.951186
10000000,bloom,1,22.786,4.0,47.6839,10.0,0.964094
10000000,stock,1,162.734,4.0,34.2983,7.19287,0.9561
10000000,pleated,1,93.1051,4.0,34.2983,7.19287,0.9561
100000000,bloom,1,37.2786,3.0,357.628,10.0,0.968623
100000000,stock,1,166.356,3.0,260.207,7.27591,0.953013
100000000,pleated,1,90.7506,3.0,260.207,7.27591,0.953013
100000,bloom,2,15.9512,396.0,47.6988,10.0032,0.967055
100000,stock,2,78.6327,396.0,33.499,7.02525,0.948596
100000,pleated,2,81.7558,396.0,33.499,7.02525,0.948596
1000000,bloom,2,20.4337,40.0,47.6851,10.0003,0.96639
1000000,stock,2,92.7467,40.0,33.8779,7.10472,0.951186
1000000,pleated,2,82.2329,40.0,33.8779,7.10472,0.951186
10000000,bloom,2,21.586,4.0,47.6839,10.0,0.964094
10000000,stock,2,162.508,4.0,34.2983,7.19287,0.9561
10000000,pleated,2,92.4712,4.0,34.2983,7.19287,0.9561
100000000,bloom,2,36.8753,3.0,357.628,10.0,0.968623
100000000,stock,2,169.585,3.0,260.207,7.27591,0.953013
100000000,pleated,2,89.612,3.0,260.207,7.27591,0.953013
100000,bloom,3,15.7991,396.0,47.6988,10.0032,0.967055
100000,stock,3,78.871,396.0,33.499,7.02525,0.948596
100000,pleated,3,82.0064,396.0,33.499,7.02525,0.948596
1000000,bloom,3,20.0853,40.0,47.6851,10.0003,0.96639
1000000,stock,3,96.3417,40.0,33.8779,7.10472,0.951186
1000000,pleated,3,83.2204,40.0,33.8779,7.10472,0.951186
10000000,bloom,3,23.5694,4.0,47.6839,10.0,0.964094
10000000,stock,3,168.646,4.0,34.2983,7.19287,0.9561
10000000,pleated,3,93.1487,4.0,34.2983,7.19287,0.9561
100000000,bloom,3,37.2109,3.0,357.628,10.0,0.968623
100000000,stock,3,167.607,3.0,260.207,7.27591,0.953013
100000000,pleated,3,90.6662,3.0,260.207,7.27591,0.953013
